f0,f1,f2,f3,f4,y
1.7005,1.3531,1.2401,2.0728,1.607,1.6064
0.7965,0.7256,0.5263,0.7339,0.8046,0.7234
2.8373,2.2479,3.0573,2.9302,2.8407,2.3597
3.0394,2.8822,2.4963,2.647,2.7702,2.8105
2.0894,1.2275,1.9977,1.8091,1.126,1.8924
0.4221,0.3309,0.193,1.0173,0.1583,0.8208
0.9584,1.0129,0.4108,1.0069,0.2983,0.8405
1.3173,1.2328,1.8043,1.4173,1.5817,1.2757
1.0094,0.8302,0.5563,0.2615,0.6568,0.3159
0.1335,0.6555,0.4252,0.5614,0.9625,0.617
2.5249,2.5292,2.1182,3.0735,2.7288,2.6134
2.307,2.1604,3.0585,2.9519,3.0197,2.294
0.1352,0.8788,0.1163,0.1362,0.4526,0.1748
1.5986,1.7961,1.8107,1.7501,1.8165,1.6134
1.5534,1.3655,1.8037,1.9506,1.5741,1.4912
0.1077,0.7226,0.606,0.4876,0.3914,0.4437
1.606,1.3814,1.67,1.9873,1.1563,1.5364
0.3459,0.6391,0.8313,0.6304,0.9755,0.6748
2.4078,2.3002,2.9112,2.5065,2.9731,2.3168
0.7362,1.049,0.2539,1.0702,0.3001,0.8915
1.2793,2.0349,2.078,1.8739,1.8832,1.4058
2.8865,2.9138,2.2198,2.5059,2.312,2.8076
2.0795,1.7013,2.0221,1.6661,1.4303,1.9792
1.5965,1.8005,2.0761,1.5495,1.8409,1.6126
1.5703,1.6441,1.2852,2.0771,1.3692,1.5604
0.9805,0.3882,0.4285,0.1177,0.7227,0.214
1.5478,1.4702,1.302,1.5209,1.92,1.5076
0.4375,0.6906,0.3557,0.8071,0.8759,0.7962
0.338,0.2376,0.5579,1.0476,0.678,0.949
1.0088,1.0084,0.3592,0.718,0.6381,0.6774
0.1303,0.2963,0.1452,0.1557,0.4075,0.1814
1.2781,1.273,1.2539,1.9413,1.515,1.2524
1.254,1.1733,1.5948,1.6768,1.3783,1.2132
0.8741,0.952,0.6223,0.6423,0.8642,0.662
2.9585,2.4072,2.263,2.3237,2.9762,2.3658
2.5867,2.791,2.9792,3.0677,2.3554,2.8217
0.6374,0.7282,0.9128,0.95,1.0147,0.9383
0.3408,0.5258,0.1023,0.6253,0.5399,0.5836
1.2002,1.2034,1.4606,1.346,1.4029,1.1762
1.3126,1.9447,1.4726,2.06,1.5435,1.4144
2.7154,3.0653,2.693,2.9283,2.277,3.0132
0.9681,0.3481,0.4154,1.0463,0.8836,0.9891
2.7487,2.9362,2.7015,2.7431,2.9168,2.8729
2.3207,2.896,3.0003,2.7057,2.5005,2.8333
2.1261,2.9096,2.3922,2.1466,3.0235,2.7323
1.4319,2.0955,1.395,1.5571,1.416,1.54
2.1484,2.3001,3.0312,2.6073,3.0969,2.3369
2.7423,2.8324,2.4035,2.2138,3.0218,2.684
2.6852,3.0751,3.0727,2.5178,2.7323,2.939
2.1334,2.7693,2.1012,2.736,2.7092,2.738
1.2405,1.883,1.8953,1.4282,2.0591,1.3443
0.7979,0.1728,0.5837,0.9482,0.2809,0.7901
0.227,0.657,0.8219,0.4282,0.7262,0.4631
2.901,2.8892,2.649,2.9806,3.0126,2.8828
0.4984,0.8873,0.7521,0.2108,0.352,0.2144
1.2729,1.9231,1.9169,1.4109,1.2887,1.3783
0.7229,0.1272,0.3457,0.6171,0.8109,0.6312
0.5876,0.9663,0.1578,1.0623,0.8547,0.9961
1.8154,1.7177,1.5732,1.4168,1.9166,1.7712
2.7651,2.7138,2.1303,2.782,2.8642,2.7028
2.9657,2.247,2.1146,2.5518,2.2079,2.2833
2.6752,2.6396,2.5556,2.2809,2.3033,2.5432
0.849,0.4713,0.9349,0.2156,0.1479,0.1774
0.4471,0.6679,0.9588,1.0609,0.8905,1.0022
1.1958,1.6119,1.1737,1.4316,1.3899,1.2544
1.4806,1.2323,2.0951,2.0906,1.3819,1.4063
2.4713,3.0635,2.4604,2.9902,2.2601,3.0242
1.7617,1.5472,1.2697,1.4381,1.7718,1.6941
1.1943,1.8277,1.661,2.0989,2.0026,1.2963
0.8446,0.7357,0.2308,0.1521,0.2341,0.1438
1.8472,1.9583,1.934,1.3068,1.2723,1.8448
1.2903,1.1918,1.9805,1.7666,1.9082,1.2459
1.6826,1.9644,1.6998,1.2893,1.7402,1.7143
1.8256,1.1154,1.7454,1.6466,1.4972,1.6589
2.9936,2.9082,2.6673,2.4999,2.7804,2.8019
1.95,2.0865,1.9208,1.3684,1.9798,1.9526
2.8443,2.2838,2.4849,3.0634,2.1605,2.4151
1.001,0.9915,0.6746,0.8874,0.9099,0.8672
0.3816,1.0809,0.3593,0.869,0.1759,0.7057
0.1351,0.3578,0.8979,0.5816,0.5047,0.5416
1.7724,1.9497,1.3222,1.8849,1.6646,1.7832
1.9296,1.9001,1.316,2.0856,1.4794,1.899
2.177,2.2911,2.6934,3.057,2.7185,2.4196
0.2292,0.5328,0.6356,0.2908,0.8319,0.3744
2.1849,2.1639,2.2337,2.9834,2.8117,2.3031
2.9451,2.9203,2.6954,2.7263,2.7939,2.8568
2.8695,2.7573,2.2738,2.6539,2.5037,2.712
1.2617,1.6776,1.855,2.0726,1.349,1.3202
3.0296,3.0317,2.8889,2.8998,2.5682,2.9807
1.9494,1.4917,1.5279,1.7114,1.1303,1.8332
2.8078,3.0429,2.2553,2.4314,2.4497,2.8959
0.3145,0.2129,1.0952,0.2088,0.6972,0.2818
0.5005,0.1532,1.0845,1.0159,0.9639,0.9808
1.9259,1.3222,1.2353,1.6389,2.041,1.7805
0.3382,0.1249,0.3802,0.3692,0.5543,0.3816
1.1528,1.3118,1.1935,1.1313,2.0469,1.1599
2.1774,2.3013,2.3251,2.6502,2.4091,2.3464
2.5669,2.1218,2.8976,2.5062,2.1004,2.174
1.745,1.9941,1.9017,1.5233,1.735,1.7702
2.4701,2.5534,2.1009,2.5924,2.8996,2.5365
2.4679,2.3352,2.1346,2.3062,2.2385,2.3047
0.7773,0.806,0.2115,0.956,0.1057,0.7613
0.1,0.6022,0.9021,0.2888,0.4462,0.2956
2.1451,2.6787,2.4474,2.501,2.374,2.6185
2.833,2.5866,2.5064,2.7437,2.1076,2.5934
3.0734,2.9997,2.8089,2.9911,2.1311,2.9733
1.5086,1.9143,2.0,1.7834,1.2778,1.5651
0.5292,0.4528,0.1894,0.2417,0.4206,0.2528
2.258,2.8217,2.4399,2.7115,2.3453,2.775
1.7934,2.0173,1.425,1.4309,1.4436,1.8135
1.651,2.0039,1.2682,2.0067,1.56,1.6969
1.4056,1.8793,1.9616,1.236,1.4597,1.4757
0.4263,0.3962,0.408,0.8157,0.6235,0.7526
0.8576,0.8077,0.1942,0.3389,0.8868,0.4238
2.4133,2.2298,2.5732,2.908,3.0902,2.3408
0.3273,0.778,0.8245,1.0447,1.0977,1.0306
2.7283,2.7677,2.2919,3.0437,3.0828,2.7982
0.2,0.7618,0.9356,0.5813,0.9923,0.6388
1.1299,1.6481,1.732,1.1445,1.4548,1.2089
1.7141,1.6104,2.0904,1.4253,1.4592,1.6687
0.9062,0.1913,0.3208,0.118,0.1633,0.1024
1.7495,1.3418,2.0404,1.348,1.8732,1.6433
1.0216,0.6669,0.9845,0.9092,0.1884,0.7404
0.3166,0.3872,0.1831,0.6721,0.4514,0.6033
2.0339,1.3444,1.4869,1.8178,1.7218,1.8713
2.5327,3.0549,2.1578,2.5551,3.0518,2.9303
0.9228,0.4183,0.7988,0.5454,0.1693,0.4455
2.854,2.1527,2.7453,2.6683,2.133,2.2312
0.9122,0.8261,0.5604,0.7074,1.0605,0.7534
0.9132,0.1081,0.2848,0.1169,0.2347,0.1158
1.6066,1.9989,1.1194,1.358,1.6326,1.6604
1.8987,2.0158,1.5463,1.6675,1.7803,1.8975
1.5654,1.3491,2.052,1.4004,1.5415,1.4975
2.5224,2.5989,2.7839,2.5954,2.7304,2.5735
1.6113,2.0529,1.2278,1.7237,1.4713,1.675
1.162,1.3454,1.271,2.0882,1.9719,1.174
3.0624,2.1257,2.3131,2.8661,2.9499,2.2491
0.6614,0.6882,0.6541,0.3327,0.3197,0.3054
2.6869,2.781,2.7657,2.3495,2.8417,2.67
2.4653,3.0436,2.3173,2.5427,2.3736,2.9188
2.8355,3.0266,2.2653,2.5382,2.705,2.9043
2.2041,2.1341,2.671,2.9862,2.2662,2.2799
0.7414,0.3423,0.1774,0.6821,0.5536,0.6317
2.8527,2.7022,2.9804,3.0329,2.1152,2.7437
0.7853,0.6312,0.2907,0.8124,0.7094,0.7671
0.2219,0.9069,0.13,0.6739,0.2707,0.5686
0.1456,0.2219,0.5774,0.569,0.4871,0.528
2.12,2.2136,2.1873,2.2043,2.9745,2.1871
2.9623,2.6166,2.8946,2.5484,2.469,2.5783
0.6887,0.1025,0.4505,0.6426,0.425,0.5744
1.5449,1.941,1.3892,1.9192,1.2501,1.5995
0.8511,0.5848,0.9631,0.7863,0.2595,0.6563
1.3727,1.4318,1.3964,1.7859,1.8248,1.3599
2.292,2.7981,2.8701,2.7209,2.4194,2.758
0.3605,1.018,0.1574,0.1018,0.2117,0.0991
1.3669,1.9525,1.9351,1.1395,1.6344,1.4594
1.9466,1.9047,1.8302,1.2051,1.3182,1.9136
0.3781,0.5049,1.0533,0.703,0.2771,0.5932
0.5309,0.2294,0.4844,0.2623,0.7313,0.3314
1.2943,1.5601,1.7917,1.2596,1.1476,1.3228
2.9315,3.0777,2.8103,2.4796,3.0918,2.9334
1.2085,1.7205,1.2645,1.1099,1.6759,1.2862
1.0829,0.8687,0.1006,0.3265,0.6884,0.3742
2.5545,2.6254,2.8391,2.9093,2.6203,2.6575
2.1224,2.4439,2.6916,3.0889,2.35,2.5482
0.6166,0.2644,0.5768,0.1454,0.6153,0.2147
1.1541,1.4057,1.5177,1.7071,1.1802,1.1798
0.2271,0.8015,0.8818,0.258,0.6871,0.3192
0.7952,0.4381,0.8894,0.917,0.6908,0.8471
1.327,1.5369,1.2647,1.3797,1.2443,1.3443
0.1206,0.8793,0.6861,0.2563,0.3191,0.2442
1.3568,2.0493,1.3771,1.4771,1.4885,1.4706
0.7315,0.9774,0.6837,0.7618,0.4409,0.673
1.0414,0.6336,0.6136,0.4381,0.4081,0.4074
2.2557,2.3735,2.653,2.7364,2.512,2.4214
0.1435,0.9093,0.7256,0.5939,0.5986,0.5702
1.8324,1.7561,1.1662,1.3206,1.5262,1.7925
0.2995,0.9089,1.053,0.5432,0.6035,0.5306
0.2583,0.9544,0.5935,0.1204,0.235,0.1187
0.865,0.2084,0.1193,0.9824,0.6842,0.8981
2.1555,3.0671,2.4954,2.9015,2.6527,3.0093
1.6512,1.257,1.7257,1.7172,1.3553,1.5477
2.6654,2.9365,2.4254,2.617,2.4641,2.8479
1.4658,1.1173,1.1779,1.9834,1.1168,1.3714
0.6202,0.3574,0.5584,0.3845,0.1553,0.314
0.4048,0.6316,0.7244,0.2806,0.6459,0.329
1.3525,1.2534,2.0356,1.7215,1.9353,1.308
1.4885,1.4098,1.72,1.9553,1.3149,1.4481
0.4659,0.421,0.3542,0.6642,0.4646,0.5996
2.9686,3.0163,2.7238,2.9357,2.7922,2.9755
2.2563,2.1395,2.5836,2.1134,2.2649,2.1096
2.771,2.701,2.1848,2.9449,2.4744,2.7251
2.0506,1.2693,1.9909,2.0205,1.9138,1.8697
1.3184,2.0479,1.6641,1.1149,1.8853,1.4396
1.6611,1.7679,1.5119,1.4225,1.2364,1.6578
0.1033,0.8538,0.4457,0.6361,0.3099,0.5462
2.5941,2.3485,2.9673,2.3587,2.3046,2.3259
2.5893,3.0932,2.8263,2.7076,2.6313,2.9914
1.286,1.273,1.9674,2.0681,1.3463,1.2587
2.4356,2.8813,2.6447,2.6775,2.7168,2.8159
2.5878,2.1986,2.1553,2.4224,2.7457,2.2187
2.8952,2.9778,3.0111,2.4312,2.693,2.8438
0.9852,0.9076,0.852,0.5189,0.8208,0.5546
3.0028,2.3907,2.9554,2.3266,2.9999,2.3532
1.3596,1.61,1.701,2.0429,1.3018,1.385
1.4792,1.92,1.8167,1.4365,1.3539,1.5427
2.4957,2.4039,2.7199,2.4723,2.1187,2.3929
1.0195,0.7771,0.2002,0.912,1.0784,0.9206
3.0693,2.4341,2.6041,2.5693,2.5024,2.4365
1.2319,1.7902,1.929,1.301,1.707,1.3189
0.3451,1.0118,1.014,0.9165,0.9336,0.8953
2.7705,2.6071,2.7837,2.6049,2.1428,2.582
0.9849,0.6417,0.3605,1.0983,1.0081,1.0556
2.7489,2.5655,2.8362,2.3914,2.9143,2.506
2.954,2.1205,2.5911,2.2176,2.9086,2.1153
0.2495,0.4226,0.5952,0.961,0.3722,0.8186
0.5755,0.5588,0.3688,1.0352,0.8627,0.976
2.598,2.9854,2.3445,2.9954,3.0736,2.9627
2.0335,1.2796,2.0253,1.3976,1.6222,1.8581
1.4998,1.9416,1.986,1.8797,1.378,1.5635
2.6344,2.8882,2.4406,2.779,2.5435,2.8417
2.2496,2.6001,2.1894,2.7566,2.5485,2.6067
2.3006,2.7109,2.9296,2.2476,2.2301,2.5936
2.8286,3.0134,2.6483,2.6909,2.2377,2.9242
2.7732,2.4834,2.997,2.2251,3.0773,2.4071
2.4595,2.6849,2.3552,2.2426,2.8144,2.5718
1.5846,1.1331,1.8261,1.1828,1.5323,1.4696
1.3615,2.0515,1.4856,1.778,1.4812,1.4748
1.1345,1.6085,1.4246,1.1858,1.3961,1.2046
0.2772,0.4623,0.8485,0.6183,0.2041,0.5108
2.8847,2.6441,2.313,2.3224,2.5704,2.5551
0.536,0.5818,0.2573,1.0679,0.952,1.0201
0.8011,1.0438,0.5762,0.4901,0.4498,0.4574
0.4355,0.9392,0.836,0.7496,1.0546,0.7859
1.174,1.5613,1.1097,1.2059,2.094,1.2268
1.8287,1.5043,1.755,1.8031,1.81,1.7392
1.6923,1.2153,1.94,1.3399,1.7801,1.5722
2.6706,2.7752,2.6194,2.5052,2.7234,2.6965
0.4161,0.5033,0.6013,0.4283,1.0369,0.5254
1.7782,2.0129,1.8165,1.1456,1.1684,1.8005
2.3237,2.7822,2.2984,2.5608,2.1998,2.7133
3.0953,2.2349,2.2099,3.0311,2.3144,2.3695
2.7308,2.56,2.8877,2.1302,2.1012,2.4494
1.2873,1.1002,1.5573,1.5748,1.6336,1.2252
1.9223,1.3731,1.6804,1.6091,1.8875,1.7878
2.5839,2.2675,2.6644,2.4146,3.0187,2.2723
0.4521,0.2418,1.0977,0.3357,0.4086,0.3256
1.0235,1.0613,0.9576,1.0362,0.9226,0.9888
1.1225,2.0817,1.1287,1.2249,1.5053,1.2897
2.4101,2.3054,2.6303,2.2437,2.3225,2.2684
1.0799,0.291,0.1462,1.0321,0.5012,0.9013
2.9976,2.5253,3.0108,3.0832,2.6634,2.6122
2.2769,2.3576,2.8105,2.5837,2.728,2.3782
1.324,1.1914,1.4152,1.3121,1.8729,1.2728
2.6339,2.1923,2.9708,2.4685,2.2916,2.2229
1.29,1.4283,1.5143,1.6988,1.8745,1.293
0.9729,0.4789,0.8123,0.5291,0.5085,0.5003
1.1543,1.3239,1.1624,1.8462,1.5979,1.1636
2.4463,2.6064,3.0672,2.7978,2.7404,2.62
1.1712,1.2936,1.9975,1.6039,1.6222,1.171
0.2058,0.4009,0.6468,0.7902,1.0859,0.8247
0.584,0.3533,0.4487,0.9129,0.5611,0.8179
2.0478,1.1264,1.8936,1.9385,1.6569,1.8389
0.7947,0.5,0.7499,0.7012,0.5338,0.6431
2.3124,2.3735,2.2926,2.1523,2.2916,2.3046
2.0328,1.4317,1.9688,1.6767,1.8349,1.8879
1.7289,1.8641,1.3975,1.9682,1.2929,1.7313
2.0951,1.7184,1.7971,1.4959,1.1091,1.9951
1.155,1.6747,1.3018,1.2156,1.8486,1.2343
2.3671,2.2389,2.1466,2.3734,2.7,2.2411
1.3911,1.3636,1.6072,1.5887,1.8399,1.3609
1.4476,1.7983,1.3783,2.0099,1.335,1.4931
0.646,0.8182,0.5777,0.1212,0.2575,0.1238
3.0972,2.318,2.244,2.9454,2.8655,2.4188
2.9392,2.8573,3.075,2.2028,2.8089,2.7017
1.7151,1.9421,1.8033,1.1022,1.1876,1.7358
2.2405,2.3909,2.3761,2.2222,2.3775,2.3325
1.9409,1.3535,1.9164,1.6589,1.7685,1.7988
2.0301,1.9777,1.6944,1.6086,1.7936,1.995
2.7004,2.9834,2.5448,2.4114,2.841,2.8443
2.6367,2.9356,2.7078,2.1344,2.8136,2.7507
1.4995,1.2215,1.9728,1.5979,1.5318,1.4192
0.9466,0.5251,0.3929,0.5882,0.1961,0.4851
0.8911,0.9867,0.8513,0.7882,0.9108,0.7881
2.7773,2.6414,2.6328,2.4876,2.8992,2.586
1.8391,1.2117,1.7874,2.0366,1.8205,1.689
0.1324,0.6997,0.2553,0.1124,0.6652,0.1983
0.8741,0.7607,0.5127,0.9653,0.2468,0.7969
0.688,0.1493,0.1841,0.2419,0.5353,0.2759
0.1583,0.26,0.8397,1.0065,0.3372,0.848
0.1048,1.0962,0.4202,0.4543,0.8554,0.5099
0.6004,0.3545,0.6262,0.4027,0.8024,0.458
2.3701,3.0144,2.177,3.0785,2.3069,3.0026
1.8511,1.9065,2.0921,1.9831,1.4595,1.8375
2.4641,2.6862,2.1238,3.0915,2.6777,2.7426
1.5092,1.9711,1.5443,1.7183,2.0737,1.5769
2.1641,2.7991,2.4673,3.0241,2.625,2.8194
0.8168,0.4748,0.7198,0.1411,0.3747,0.1632
0.3556,0.4186,0.5203,0.1142,0.4586,0.1584
2.5031,2.1382,2.7246,2.6559,2.1366,2.2171
1.3001,1.1873,1.1182,1.9153,2.0137,1.2529
1.2304,1.9686,1.8087,1.6423,1.921,1.3534
1.9261,1.2963,1.4475,1.3744,1.2193,1.7755
1.1623,1.5992,1.1595,1.5708,1.5105,1.225
2.9091,2.835,2.4458,2.4127,2.9167,2.7259
1.5651,1.4609,1.5998,1.8722,1.4408,1.5196
0.4977,1.096,0.919,0.5623,0.8475,0.5947
0.1376,0.6158,0.8389,0.2428,0.4834,0.2663
1.6296,1.4449,1.2623,1.4542,1.2026,1.568
0.4558,0.1416,0.8404,0.8692,0.3922,0.7491
3.0835,2.4844,2.4252,2.2975,2.6973,2.4224
1.5665,1.8612,1.3485,1.3748,1.9669,1.6008
0.2852,0.6549,0.8386,0.3696,0.1927,0.3096
0.9833,0.4705,0.3065,0.206,0.2792,0.196
1.3472,1.5908,1.8514,1.3355,1.1405,1.3713
2.7662,2.8622,2.1981,3.0538,2.9275,2.8759
0.4494,0.6399,0.7892,1.0623,0.3007,0.8853
3.0781,2.3309,3.0437,2.8275,2.8155,2.4056
0.8058,0.2227,0.3183,0.1608,1.063,0.3166
1.8177,1.8945,1.2412,1.1825,1.9523,1.8084
1.9161,1.4627,1.291,1.4643,1.1247,1.8008
3.0238,2.3797,3.0956,2.4302,2.7413,2.3651
1.6374,1.9876,1.8658,1.6793,1.3254,1.6828
1.0214,0.8644,0.4369,0.7641,0.8263,0.7519
1.5401,1.8459,1.1605,1.8302,1.3932,1.5766
1.5112,1.4084,1.1403,1.4232,1.9163,1.466
1.7141,1.7575,1.1204,2.0902,1.2429,1.6981
1.1014,1.4686,1.2148,2.0432,2.0764,1.1502
0.4854,0.9662,0.2678,0.2823,0.5043,0.302
3.0883,2.9951,2.5049,2.989,2.8937,2.9692
2.918,2.3602,2.6039,2.6369,2.3654,2.3909
1.8341,1.5195,1.88,1.1223,2.0951,1.7465
0.3223,0.5295,0.8761,0.5045,0.4114,0.4612
1.7408,1.8251,1.6288,1.9574,1.3927,1.733
3.0836,2.1599,2.756,3.0547,2.7625,2.3142
0.1925,0.4238,1.0182,0.5051,0.2208,0.4236
1.2817,1.3048,1.7128,1.536,1.531,1.2617
1.5308,1.2287,1.4439,1.2638,1.1218,1.4457
1.4298,1.6662,1.3958,1.11,1.7696,1.4524
0.4788,1.0342,0.5224,0.674,0.2812,0.5708
2.7562,2.4329,2.8435,3.0143,2.7629,2.5245
1.6374,1.6501,1.2197,2.0841,1.2447,1.6153
1.3379,2.0383,1.4734,1.6586,1.9747,1.4533
1.806,1.3002,1.2172,1.633,1.9422,1.6802
1.7331,1.5081,1.3297,1.9231,1.4157,1.6634
0.1712,0.7154,0.789,0.6369,0.574,0.5997
1.943,1.6852,1.3554,1.2577,1.453,1.8668
1.499,1.1636,1.8984,1.7674,1.4667,1.4073
1.0261,0.9575,0.9308,0.2841,0.4439,0.2914
2.0814,1.3568,1.8016,1.3838,1.2952,1.9118
0.9776,0.8909,0.9308,0.4752,0.2217,0.3998
2.8879,2.609,2.8002,2.3144,2.8892,2.5254
1.4199,1.6645,1.9365,1.7503,1.5251,1.4442
1.6676,1.1915,1.9282,1.8505,2.0824,1.5477
1.3611,1.3913,1.2427,1.2462,1.2217,1.3425
0.1515,0.2828,1.0194,0.2744,0.4131,0.2775
2.0846,1.1857,1.5513,1.7216,1.2866,1.8802
1.4502,2.0875,1.932,1.8128,1.1055,1.553
3.0785,2.5195,2.4495,2.3566,3.0863,2.4623
2.9404,2.8697,2.7185,2.4592,2.961,2.7629
1.1807,1.2705,1.6057,1.9056,1.9424,1.174
1.8124,2.0222,1.1728,2.0583,1.2815,1.8297
0.9877,0.4002,0.68,0.2106,0.9478,0.3334
2.9386,2.9802,2.2114,2.2827,3.0885,2.816
2.5775,2.962,2.4826,2.9216,2.6146,2.9293
2.3956,2.1843,2.1077,3.0003,2.9276,2.3228
1.7556,1.1339,1.9216,1.8081,1.644,1.6066
2.5033,3.0981,2.2839,2.6556,2.7754,2.9849
1.5024,1.1211,1.8367,1.7125,1.2765,1.4015
1.1494,1.7884,1.2939,1.8832,1.3961,1.2525
1.4512,1.1995,1.5137,1.5608,1.1907,1.3762
0.9522,1.0213,0.5141,0.712,0.2315,0.5912
0.808,0.8729,1.0771,0.6433,0.6506,0.6201
0.1215,0.5516,1.0629,0.3065,0.8478,0.3901
1.1088,1.9153,1.9766,1.1057,1.4465,1.2454
2.6019,2.4606,2.5286,2.1293,2.5187,2.3697
1.9768,1.217,1.7824,1.9875,1.8741,1.8002
2.8594,2.747,2.9394,2.5161,2.8346,2.6762
0.9266,0.1393,0.3546,0.7974,0.6525,0.7438
0.5598,1.0512,0.1026,0.6391,0.291,0.5448
1.157,2.0753,1.5655,1.7575,1.6348,1.316
3.0083,2.836,2.9574,2.1481,2.6691,2.6738
0.9579,0.1287,0.4653,0.5128,0.9586,0.5773
1.9839,1.6545,1.6596,1.3563,1.5212,1.8934
2.0436,1.5845,1.2314,1.2639,1.8649,1.9271
2.5234,2.1944,2.8919,2.9392,2.3889,2.3187
0.671,0.6008,1.0324,0.8391,0.3115,0.7089
2.3294,2.3028,2.2851,2.5015,2.6353,2.3179
2.1533,2.5261,3.046,2.1436,2.6213,2.4249
0.5927,1.0306,0.7188,0.6753,0.4088,0.5973
0.2939,0.6032,0.5947,0.5111,0.7023,0.5247
0.1113,0.9809,0.1309,0.2369,0.7208,0.309
1.0809,0.3914,0.1278,0.2238,0.877,0.3298
0.1098,1.0958,0.896,0.8276,1.0169,0.8408
1.6186,1.4196,1.5063,1.1487,1.9596,1.5541
1.9766,1.6487,1.8161,1.6665,1.3578,1.8864
2.9385,2.2279,2.5651,2.3399,2.2471,2.2256
0.8405,1.06,0.2692,0.2217,1.0856,0.3698
3.0717,3.08,2.6641,2.4729,2.9216,2.9339
1.7863,2.0723,1.9744,1.5324,1.8849,1.8188
2.3547,2.7495,2.1471,2.2848,2.6574,2.6319
0.1767,0.7599,0.403,0.5925,0.8082,0.611
1.5506,1.9352,1.708,2.048,1.5064,1.6029
2.0475,1.8492,1.9314,1.7084,2.004,1.9832
0.1046,0.3664,0.1792,0.6566,0.5473,0.6101
2.0267,1.4552,1.5613,1.9648,1.5755,1.8877
2.6969,2.2627,3.0505,2.682,2.9255,2.3219
2.1979,3.0431,2.4201,2.1877,3.0118,2.8474
3.0692,2.7322,2.8104,2.8921,2.913,2.7395
0.4099,0.4237,0.5318,0.4222,0.8867,0.4904
1.6149,1.8359,2.0311,1.1154,1.3087,1.6344
2.5604,2.7552,2.9837,2.9687,3.0689,2.7732
2.9421,3.0876,2.4319,2.2465,2.6142,2.8947
3.015,2.4654,2.5355,2.2886,2.7566,2.4054
1.9625,1.2566,1.4121,2.0395,1.5766,1.7967
1.121,1.8691,1.9124,1.7454,1.6469,1.246
1.5662,1.1025,1.4164,1.3899,2.0512,1.4488
1.9134,1.3187,1.4996,1.7483,2.0239,1.7698
2.3568,2.8213,2.227,2.3265,2.3234,2.6977
2.2344,2.7962,2.3076,2.6518,2.6304,2.7427
1.364,1.7875,1.2631,1.6669,1.6534,1.424
1.7892,1.4513,1.1558,1.4236,1.8406,1.697
2.8208,2.2838,3.006,2.8155,2.9425,2.3655
0.6404,0.9756,1.0437,0.1313,0.4028,0.1609
1.8931,1.713,1.7691,1.3109,1.7715,1.8324
1.2664,1.8197,1.5544,2.0682,1.7064,1.3524
2.9644,3.0287,2.2994,2.4905,2.5425,2.8964
0.4095,0.7368,0.9196,0.7079,0.7708,0.6958
2.8965,3.055,2.2823,2.4141,3.0794,2.9022
2.6258,2.9904,2.9996,2.1688,2.971,2.8014
0.6346,0.8267,0.3485,0.3102,0.3665,0.2968
3.077,3.0588,2.7592,2.7593,3.0124,2.9742
0.8582,0.4321,0.9515,0.415,0.4452,0.3964
1.7365,1.5175,2.0588,1.4877,1.9941,1.668
2.7685,2.2519,2.7597,2.6649,3.0856,2.3098
0.6346,0.9911,0.3007,0.8382,0.2322,0.6923
3.0717,2.1202,2.2271,2.9036,2.3854,2.2522
3.026,2.7573,2.6171,2.6668,2.7317,2.7145
1.3674,1.2357,1.6725,1.6532,1.5465,1.3164
2.8365,2.9781,3.0693,2.6968,2.1982,2.8972
2.6647,2.2508,2.6026,2.612,2.392,2.2984
2.8634,2.5268,2.4591,2.2376,2.3764,2.4443
2.9685,2.725,2.8113,2.4633,2.2287,2.648
0.736,0.9296,0.2043,0.2582,0.3034,0.2426
1.6213,1.6577,1.3777,1.1882,1.7671,1.6039
0.6745,0.4262,0.2497,0.2977,0.6189,0.3373
2.7754,2.617,2.9996,2.3614,3.0837,2.5412
1.2607,1.7651,1.3945,1.8618,1.398,1.3369
1.6473,1.2319,1.215,1.4566,1.3678,1.5396
0.6791,0.4639,0.5093,0.4304,0.7209,0.4638
0.5509,1.012,0.3421,0.3689,0.8327,0.437
0.9156,0.8958,0.108,0.6894,0.3541,0.5977
0.9825,0.1889,0.9412,0.5594,0.5029,0.5234
2.6282,2.6771,2.7881,2.7075,2.789,2.6585
2.7738,2.2107,2.1179,2.9209,2.4323,2.3281
2.7188,3.0769,2.2493,2.1561,2.4805,2.8681
3.0361,2.8859,3.0773,2.9792,2.1962,2.8799
2.4089,2.1385,2.808,2.387,3.0485,2.1635
0.7211,0.732,0.2502,0.672,0.6638,0.6457
0.8385,0.4959,0.7143,0.451,0.5302,0.4422
1.081,0.727,0.5838,0.1354,0.231,0.1299
0.9824,0.4926,0.6072,0.8147,0.7363,0.7744
1.2546,1.8313,1.6964,1.6508,1.3976,1.3453
2.1023,2.9448,2.5244,2.2277,2.5693,2.7767
1.0983,0.3538,0.8706,0.8505,0.6904,0.7938
1.871,1.4725,1.884,1.2483,1.2636,1.7666
1.0492,0.4331,0.2342,0.7896,0.6485,0.7367
1.0794,0.2668,1.0674,0.3718,0.1967,0.3121
2.3959,2.6429,2.8338,2.747,2.2797,2.6391
0.7724,0.7751,0.6879,0.7126,0.8324,0.7119
2.7994,2.4999,2.7601,2.1006,2.9426,2.3954
1.5137,1.3747,1.1872,2.0562,1.1025,1.4612
1.6434,1.3004,2.0564,1.9802,1.2856,1.5501
2.7535,2.4803,2.9359,2.4972,2.4264,2.459
2.4057,2.2786,2.3349,2.7414,2.8782,2.3465
0.5133,0.4884,0.8497,0.7853,0.3291,0.6694
0.8399,0.6812,0.3814,0.1612,0.3156,0.1674
2.1831,2.2947,2.3161,2.2905,3.0951,2.2692
1.1262,1.1357,1.3268,1.1639,1.5819,1.1034
2.282,2.6508,2.952,2.5616,2.2983,2.6083
0.5934,0.7308,0.1772,1.0896,0.3048,0.908
0.5494,0.768,0.5524,0.5227,0.8776,0.569
1.9841,1.9747,1.7224,2.0577,1.8395,1.9576
1.5102,1.8004,1.9383,1.9286,1.6247,1.5436
2.0505,1.5394,1.6952,1.3316,1.5317,1.9236
3.0385,2.1682,2.9349,3.0484,2.2503,2.3196
0.7044,0.3822,0.2073,0.9118,0.3348,0.7717
2.9895,2.2508,2.2453,2.2443,2.6757,2.2248
0.5457,0.102,0.1926,0.1562,0.7067,0.2416
1.525,1.6166,1.7101,1.1918,1.7995,1.5187
0.9867,1.0326,0.6902,0.6582,0.5513,0.6122
1.7882,1.9085,1.3918,1.7196,1.4392,1.7876
0.9577,0.7388,0.7251,0.9336,0.3764,0.7975
2.7278,3.0622,2.8747,2.138,2.6159,2.8527
0.693,0.333,1.0049,0.4298,0.5676,0.4327
2.2023,3.032,2.8272,2.565,2.1449,2.9139
1.3928,1.1953,1.8705,1.4784,1.3104,1.3286
0.9561,0.3842,0.3205,0.5206,1.0302,0.5979
0.4582,0.7439,0.7718,0.6508,0.4872,0.5934
2.2825,2.7834,2.1604,2.1463,2.2245,2.6313
0.6139,0.3999,0.4419,0.3105,0.7918,0.3821
2.9786,2.4567,2.7469,2.7565,2.3813,2.492
2.7995,2.4549,2.6998,2.1514,2.2065,2.3695
0.3169,0.2851,0.6226,0.1328,0.7208,0.2257
1.6931,1.679,1.1197,1.1382,2.0639,1.6656
0.3465,0.5888,0.3775,0.1833,0.5798,0.2379
2.9157,2.4296,2.8148,2.1774,2.1929,2.3545
1.7677,1.4742,1.291,1.365,1.9234,1.6843
1.2388,2.0038,1.2661,1.4764,1.3639,1.3671
2.3242,2.2065,3.0436,2.1114,2.6126,2.1628
2.6117,2.2198,2.4038,2.5582,2.1186,2.2628
0.1006,0.7203,1.0972,0.3631,0.6112,0.3881
1.968,1.8949,1.7831,2.0972,1.5084,1.9287
2.6335,2.8758,2.2265,2.9371,2.3575,2.8634
0.9646,0.1254,0.7185,0.1832,0.9949,0.3209
1.2297,1.4469,1.4525,1.7573,1.4966,1.2485
3.0431,2.3343,2.4583,2.7728,3.0456,2.3973
0.7992,0.7159,0.3128,0.2478,0.9604,0.3657
0.6927,0.7921,0.8158,0.854,0.3817,0.7349
1.1069,2.0022,1.4119,1.365,1.8686,1.2613
2.9041,2.3714,2.7902,2.7828,2.5443,2.429
2.7187,2.6969,2.7253,3.0069,2.4482,2.7342
1.0149,0.1391,0.2599,0.8784,0.9112,0.8603
2.5288,3.0929,2.9678,2.5192,2.9932,2.9535
3.0625,2.7597,2.6036,3.042,2.4366,2.7915
0.3691,0.7222,0.4567,0.8872,0.8485,0.8548
0.3266,0.6837,1.0498,0.1639,0.127,0.1319
1.4156,1.5962,1.6838,1.3322,1.9531,1.4271
0.9438,0.2366,0.5651,0.4973,0.308,0.4348
1.0519,0.7287,0.4226,1.0196,0.8484,0.9607
2.0153,1.4608,1.2129,1.4775,1.3234,1.8797
0.4782,0.1267,0.8098,0.3366,0.6756,0.3797
0.5394,0.8369,0.8155,0.5376,0.7914,0.5637
2.9703,3.0817,2.2348,2.3879,2.151,2.9183
0.2118,0.5358,0.7256,0.7403,0.3306,0.6337
1.6424,2.0805,2.0263,1.5144,1.6595,1.7054
3.0267,2.8573,2.1906,2.6235,2.3379,2.7859
2.7522,2.8226,2.292,2.5249,2.5342,2.7384
1.2544,1.8705,2.0621,1.8192,1.4655,1.353
1.15,1.6446,1.7079,1.6495,1.4497,1.2243
2.119,2.4496,2.7493,2.5252,3.0626,2.4401
1.8919,1.7614,1.7477,2.0585,1.4485,1.8411
1.3694,1.2878,1.832,1.298,1.3522,1.3284
1.605,1.4571,1.5927,2.0069,1.4109,1.5508
0.9346,0.4297,0.2701,1.0361,0.6197,0.9282
2.8933,2.2289,3.0595,3.0942,2.6734,2.3773
2.2566,2.7671,2.1073,2.9325,2.5726,2.7755
0.3091,0.9995,0.2664,0.6938,0.6519,0.6608
3.0195,2.3856,2.2009,2.129,2.955,2.3096
0.9925,0.6797,0.6372,1.0003,0.9179,0.9592
1.5299,1.9888,1.4083,1.988,1.7803,1.597
1.1074,1.4356,1.645,2.0002,1.7478,1.1484
0.2808,1.0025,0.2555,0.2337,0.2364,0.2096
0.6774,0.434,0.4959,0.6764,0.7644,0.6693
0.7961,0.7095,0.2606,0.4735,0.3463,0.4234
2.9713,2.4959,3.0399,2.325,3.0105,2.4371
2.8624,3.0996,2.5182,2.4064,2.1513,2.9363
0.365,0.2194,0.6268,0.3293,0.319,0.3026
0.9996,0.5727,1.0637,0.8243,0.4927,0.7333
2.3395,2.5754,2.2588,2.4272,2.7231,2.5211
2.6922,2.7303,2.4091,2.7033,2.4377,2.7002
2.0776,1.7025,2.049,1.7511,1.2517,1.9779
2.8513,2.9674,2.4883,3.0458,2.4723,2.9584
2.0219,1.3667,1.248,1.6635,1.2457,1.8662
2.4033,2.1303,2.8587,2.6174,2.8765,2.2031
2.498,3.0073,2.3266,2.3349,3.0452,2.8482
2.1222,2.9335,2.8495,2.725,3.0473,2.8671
1.207,1.4311,1.3228,1.186,1.6311,1.2272
2.5759,2.9373,2.2525,2.3473,2.4353,2.7946
0.9198,0.4429,0.1491,0.2563,0.5248,0.2853
0.1518,0.2292,0.6974,0.8444,0.6638,0.7836
2.0965,1.3967,1.5912,1.2973,1.1306,1.9319
1.7011,1.4466,1.8411,1.3496,1.1918,1.6255
0.7851,0.7323,0.3852,0.9287,0.4378,0.8059
0.8335,0.416,0.733,0.2933,1.0415,0.4183
1.6196,1.4751,1.7111,1.788,1.6686,1.566
1.4893,1.2554,1.7476,1.7431,1.4188,1.4179
0.603,0.6349,1.0497,0.529,1.0419,0.6069
2.4409,2.5999,2.8131,2.2041,2.3867,2.4961
0.5419,0.903,0.8023,0.1885,1.0437,0.3349
2.6563,2.2406,2.1677,3.0361,2.261,2.375
1.7944,1.7122,1.713,1.7606,1.4541,1.7533
2.2999,2.6595,2.8727,2.4523,2.5258,2.5934
1.1332,1.9083,1.7171,2.0973,1.9924,1.2636
3.0172,2.7347,2.1217,3.0154,3.0938,2.7662
0.6574,0.9607,0.5132,0.3894,0.2348,0.3338
0.8949,0.1503,1.0108,0.3667,0.3054,0.3298
0.7176,0.1584,0.7559,0.3408,0.6125,0.3705
1.445,1.7389,2.0441,1.3471,1.5826,1.4791
1.4576,1.2025,1.2834,1.1173,1.3775,1.3819
1.4683,1.5914,1.5277,1.6743,2.0717,1.4683
2.1338,2.2325,2.4323,2.4456,3.0585,2.2505
1.7142,1.5844,2.0973,2.0277,1.2882,1.6636
0.5646,0.2736,0.6233,0.6849,0.6771,0.6587
0.2333,0.8715,0.8415,0.3483,0.5622,0.3664
0.6107,0.5413,0.8743,0.1456,0.4889,0.1896
0.5656,0.1649,0.4211,0.5115,0.625,0.5095
1.5809,1.9337,1.6071,1.4364,1.2935,1.6268
2.1587,2.8371,2.9558,2.3137,2.9153,2.7078
2.2455,2.1429,2.6365,2.4115,2.8942,2.172
2.5431,2.6643,2.1768,2.5672,2.9626,2.6202
2.2699,2.987,2.4609,2.8685,2.1021,2.9386
0.4529,1.0156,1.0584,0.5537,1.0532,0.6289
2.9704,2.486,3.0449,2.8849,2.8983,2.5411
0.2422,1.0589,0.5617,0.5185,0.5374,0.4976
2.1906,2.355,2.6406,2.8336,2.836,2.4261
1.4223,1.6553,1.3941,1.4539,1.9928,1.4442
2.628,2.4285,2.9211,2.409,2.8735,2.3999
1.5283,1.3283,1.1804,1.8287,1.2962,1.4636
0.923,0.4258,1.069,0.5032,0.7839,0.5347
2.6028,2.888,2.6608,2.7901,2.8956,2.8438
0.4436,0.856,0.5054,0.227,0.2256,0.2021
1.192,1.7691,1.2425,2.0828,1.7713,1.2828
1.1368,1.2847,2.0049,2.0678,1.5564,1.1417
0.1482,0.526,0.8455,0.1155,1.0755,0.2828
0.8021,0.206,0.8085,0.878,0.4394,0.7656
2.4943,2.1981,2.9582,2.229,2.7502,2.1796
2.4547,2.871,2.1923,2.1038,2.2731,2.6929
0.6947,0.9032,0.9478,0.1565,0.29,0.1585
2.584,2.9488,2.6686,2.7421,2.8049,2.8828
2.627,2.8432,2.9158,2.2078,3.0864,2.6915
2.4076,2.5534,3.0954,2.6287,2.4354,2.5438
2.9459,2.74,2.3356,2.6627,3.0343,2.6999
2.0011,1.1832,1.1785,1.7422,1.4243,1.8129
2.1025,2.4328,3.0131,2.1496,2.3391,2.3515
0.4735,0.5243,0.6992,0.3213,0.4105,0.3145
0.6551,0.9662,0.2269,1.087,0.8506,1.0151
1.7024,1.6834,1.3638,2.0353,1.6328,1.6739
2.4719,2.3914,2.9636,2.4413,2.3233,2.3767
0.5847,0.5264,0.3306,0.4461,0.613,0.4548
2.7877,2.2534,2.2535,2.7452,2.1005,2.3271
1.353,1.156,1.6291,1.9385,1.8117,1.2889
2.7309,3.0497,2.1912,2.2211,2.3728,2.8593
2.7046,2.2416,2.6742,3.0171,2.5937,2.372
1.6076,1.7796,1.6614,1.2366,1.9928,1.6173
1.0389,0.5636,0.314,0.6602,0.9102,0.6855
2.1977,2.8888,2.3973,2.4851,2.3257,2.7834
1.1023,1.4924,1.2818,1.704,2.0163,1.1557
0.2683,0.5898,0.5454,0.5195,0.5941,0.5098
1.552,1.8922,1.6718,1.9299,1.9406,1.5954
2.5576,2.9537,2.5825,2.7457,2.4217,2.8874
2.8913,2.3328,2.6725,2.877,2.4887,2.417
1.0604,0.4178,1.0883,0.8399,0.2103,0.6893
1.922,1.6654,1.7514,1.6321,1.2972,1.846
2.4509,2.2596,2.1941,2.2319,2.4622,2.2294
1.5575,1.3955,1.4317,1.3886,1.8956,1.5004
1.7096,1.3987,1.8299,1.8002,1.4027,1.6228
2.7466,2.2693,2.316,3.08,2.6789,2.4068
0.4022,0.1362,0.3566,1.0855,0.5852,0.9608
1.0857,0.9322,0.5421,1.0266,0.6423,0.9251
0.3504,0.5406,0.4413,0.7162,0.9589,0.7401
0.9027,1.0426,0.7466,0.2561,0.1186,0.2039
1.7386,1.5393,1.6274,1.4895,1.1123,1.6741
2.1227,2.8281,2.3648,2.7486,3.0342,2.7875
2.773,2.9659,2.5355,2.8755,2.1477,2.9232
0.8239,0.9829,1.0152,0.7745,0.1828,0.6315
1.5588,1.2548,1.1534,1.1718,1.4067,1.4733
1.6192,2.0329,1.7397,1.2212,1.4055,1.6773
2.489,2.4643,2.3924,2.3385,2.3728,2.4145
1.8923,1.1687,2.0763,1.1432,1.7697,1.7229
1.6326,1.6805,1.1078,2.0187,1.8583,1.6175
0.7615,0.2058,0.2782,0.8806,0.6371,0.8072
2.7418,2.9809,2.497,3.0938,2.979,2.9788
2.8015,2.6116,2.4913,2.3786,2.8437,2.5403
0.1678,0.8205,0.3283,0.2482,0.2015,0.2142
1.5479,1.381,1.1698,1.1119,1.9579,1.4899
0.5519,0.6092,0.8832,0.4039,0.6506,0.4286
0.5521,0.8655,0.8816,0.8842,0.5898,0.8007
1.9076,1.3332,1.1255,1.2267,2.0394,1.7681
0.3075,0.6064,0.468,0.2276,0.3266,0.2227
2.6544,2.5954,2.5721,2.8774,2.6348,2.6271
2.236,2.3494,2.6331,2.8584,2.8492,2.4265
2.3797,2.3084,2.7628,2.5446,2.2828,2.331
0.5596,0.1231,0.6483,0.1571,1.0229,0.3056
0.8285,0.7805,0.162,0.447,0.4666,0.4263
2.0233,1.6846,1.2175,1.881,1.1539,1.9309
2.5066,2.9259,3.0497,3.0216,2.1862,2.9204
1.117,1.9689,1.2181,1.6197,1.2051,1.2627
1.3312,1.3157,1.8709,1.1479,1.1948,1.3034
0.4426,1.0719,0.9585,0.725,0.6952,0.6944
0.446,0.5025,0.4177,0.1544,0.4734,0.1935
0.1702,0.4171,0.1021,0.7082,0.5859,0.6591
0.5441,0.2047,0.9183,0.4008,0.2631,0.3486
0.8525,1.038,0.1488,0.7208,0.8215,0.7163
2.6695,2.9061,2.2712,3.0545,2.4631,2.9111
1.5405,1.606,1.8869,1.6395,1.4049,1.5289
0.1602,0.4184,0.7816,0.2189,0.5468,0.2598
2.8039,2.9129,3.0046,2.9375,2.1063,2.8932
2.4315,2.455,2.768,2.5213,2.4753,2.4436
3.0858,2.691,2.1826,2.7261,2.222,2.6734
1.1556,1.664,1.4838,1.93,1.3559,1.2326
2.8203,2.5261,2.6478,2.2696,2.7704,2.4501
0.6676,0.3071,0.8747,0.8114,0.467,0.7179
2.4393,2.7224,3.0815,2.1748,2.7358,2.5882
2.7176,2.5952,2.4426,2.5015,2.2841,2.5518
0.4032,0.2245,0.5851,0.7735,0.7203,0.7382
2.1793,2.1036,2.2207,2.419,2.6254,2.142
2.1739,2.2339,2.4903,2.5411,2.5318,2.2707
2.9692,2.7799,2.9767,2.926,2.524,2.7845
0.2185,0.7269,0.6749,0.965,0.677,0.8827
0.5433,0.2991,0.817,0.9208,1.0777,0.9275
2.779,2.3318,2.4468,2.3815,2.9012,2.3171
1.7058,1.4302,1.2049,1.2153,1.2407,1.626
0.1565,0.7799,0.5044,0.7551,0.4488,0.6692
1.3112,1.8487,2.0302,1.1078,1.6822,1.394
3.0951,3.0057,2.8832,2.778,2.6538,2.9355
1.3148,1.882,2.0574,1.1469,1.9918,1.4036
2.2705,2.8853,2.3114,2.8646,3.0898,2.8565
1.7727,1.8504,1.3911,1.2771,1.6958,1.7636
0.2647,0.9045,1.0487,0.9814,0.6029,0.881
2.5092,2.5943,2.1809,2.284,2.2491,2.5076
1.1465,2.0545,1.5574,1.3487,1.1548,1.3034
2.411,2.3112,2.1019,2.1248,2.1027,2.2493
2.3552,2.6146,2.2537,2.5726,2.6,2.5815
2.8244,2.8629,2.447,2.317,3.0851,2.7291
2.2326,2.7796,2.4383,2.8398,2.6171,2.767
2.2632,2.888,2.7571,2.1158,2.1389,2.7089
1.2105,1.7954,1.1158,1.3831,1.6646,1.3028
0.7432,0.4158,0.4728,0.7904,0.1312,0.6339
1.4603,1.6475,1.5701,1.2819,1.4315,1.4731
1.4077,1.3372,1.9094,1.3648,1.2123,1.3689
2.5849,2.6102,2.5909,2.6304,2.1736,2.5896
0.4627,0.2886,0.39,0.3203,0.4617,0.3239
0.8543,0.5574,0.5126,0.391,0.4289,0.3739
1.0262,0.5832,0.9352,0.299,0.7549,0.3655
1.0677,0.4685,0.4416,0.1609,0.4547,0.195
0.6783,0.3431,0.1477,0.6756,1.0096,0.7177
0.4701,0.7642,0.5959,1.0795,0.8976,1.0185
0.834,0.2583,0.2257,1.0431,0.9255,0.9949
1.3789,1.2519,1.3112,1.2739,1.9383,1.3288
0.4398,0.3754,0.9069,0.2109,0.6762,0.2793
0.7478,1.0818,1.0785,0.5195,0.2015,0.4312
1.493,1.1131,1.5822,1.9265,1.6046,1.3924
2.2556,2.1983,2.2543,2.4968,2.3012,2.2333
0.9447,0.185,0.6053,0.131,0.3857,0.1573
1.895,1.6298,1.7163,2.0338,1.8734,1.8173
1.0799,0.2246,0.8806,0.8051,0.3402,0.6875
2.997,2.2081,2.8393,2.8601,2.197,2.3138
2.458,2.4319,2.4377,2.5817,2.1726,2.4372
3.0669,2.5767,2.7182,2.4663,2.9598,2.53
1.6221,1.9414,1.8579,1.8521,1.8255,1.6613
2.2839,2.41,2.1114,2.2955,2.3939,2.3624
0.6252,0.6712,0.5864,0.9519,0.1816,0.7732
1.6164,1.4803,1.3232,1.1727,1.3716,1.5645
1.8398,1.7878,1.8715,1.2334,1.1692,1.8047
1.0109,0.8407,0.4329,0.5535,0.7847,0.5751
1.7093,1.889,1.8892,1.8787,1.3902,1.7206
1.4597,2.008,1.5652,1.3281,1.2391,1.5447
2.9023,2.5128,2.3061,2.2039,2.2167,2.4264
2.0276,2.0946,1.783,2.0469,1.5042,2.0163
2.4069,2.7299,2.71,3.0713,2.3095,2.7735
1.0581,1.0079,0.4597,1.0233,0.9169,0.9774
2.7586,2.8093,2.6999,2.9529,2.485,2.8134
2.0476,1.1718,1.661,1.8032,1.9343,1.8478
0.2225,0.7883,1.0715,0.744,0.8782,0.7462
0.2147,1.029,0.2977,0.41,0.5785,0.419
1.9503,1.2494,1.5691,1.4742,1.7057,1.7855
3.0558,2.2491,2.7696,2.5409,2.8982,2.2828
0.9985,0.8984,0.1354,0.1635,0.2469,0.1555
2.3851,2.2098,2.8096,2.3461,2.9974,2.2124
0.156,0.785,0.3289,0.7547,0.5442,0.6879
2.5868,2.8402,2.5183,2.4067,2.4536,2.7288
0.4744,0.9389,0.3823,0.6615,0.262,0.5569
1.9106,2.0347,1.3455,1.6114,1.1609,1.9108
2.3541,2.8196,2.6718,2.8622,2.7735,2.8035
0.8965,0.3559,1.0812,0.193,1.0891,0.3476
0.6224,0.9138,0.8339,0.1842,1.0321,0.3291
2.1487,3.0792,2.4416,2.348,3.0581,2.9083
2.0075,1.6717,1.112,1.8523,1.7023,1.9157
1.3972,1.809,1.6264,1.5742,1.4267,1.4549
0.9672,0.3541,0.8368,0.849,0.4537,0.7453
1.2246,1.1781,2.073,1.3068,2.0203,1.1906
0.7913,0.8959,0.7803,0.3437,0.1497,0.2802
2.3342,2.1685,2.5159,2.8052,2.6162,2.2712
1.3414,1.1647,1.3672,1.2943,1.2926,1.2814
1.0909,0.2094,0.6199,0.3963,0.2882,0.35
0.3314,0.5644,1.0066,0.7785,0.7138,0.7409
1.3629,1.478,1.8233,1.4491,1.3641,1.3613
0.9641,0.2698,0.5198,0.7416,0.6834,0.7053
0.3055,0.1465,0.6004,0.4853,0.4498,0.4535
1.1548,2.0871,1.2405,1.7845,2.013,1.3166
2.7301,2.6609,3.0617,2.4739,2.713,2.5988
2.359,2.4447,2.2451,2.8563,2.9889,2.5024
3.0336,2.5514,2.3868,2.1457,2.9904,2.4456
1.6109,1.4834,1.2335,1.1551,1.3629,1.5607
1.1452,1.6824,1.5204,1.7249,1.2056,1.228
2.1167,2.6212,2.186,2.6459,2.5078,2.6015
2.672,2.6304,2.9192,2.2047,2.5014,2.5206
1.6146,1.1665,1.7075,1.4998,1.6599,1.5003
1.4338,1.2109,1.6999,2.0356,1.1427,1.3646
2.5023,2.8278,2.5113,2.765,2.8105,2.7906
2.6788,2.9413,2.7739,2.5355,2.6339,2.8355
1.9918,1.4715,2.0031,1.5498,1.5206,1.8631
2.0158,1.9936,1.2912,1.6066,1.3711,1.9867
1.6105,1.8294,1.5973,1.6012,1.2736,1.6296
2.8089,2.9067,2.8245,2.4547,2.2312,2.7916
2.6253,2.6098,2.9665,2.8456,2.7626,2.6323
0.4078,0.3451,0.7546,0.9274,0.3332,0.7839
0.4774,0.6805,0.6159,0.1834,0.9849,0.319
0.9787,0.1518,0.4364,0.1414,0.25,0.1385
1.1027,1.2623,1.3413,1.6599,1.6821,1.11
2.3293,2.8391,2.8772,2.6522,2.763,2.7771
1.7066,1.7729,2.0808,2.0428,1.6167,1.6952
1.6351,1.2217,1.5614,1.9736,1.6893,1.5278
1.4565,2.0423,1.1162,1.2744,1.5635,1.549
1.6426,1.9693,1.3076,1.6223,1.9201,1.6833
2.4847,2.6804,2.9956,2.3929,2.5857,2.5982
1.0548,0.4307,0.9493,0.3857,0.9806,0.48
1.701,1.7352,1.9214,2.066,1.8766,1.6832
2.3856,2.4617,2.6195,3.0232,2.7883,2.5493
0.3584,0.2169,0.2467,0.109,0.6969,0.2019
1.8967,1.2069,1.1774,1.7914,1.7957,1.7341
2.3812,2.2364,2.9341,2.7528,2.2254,2.315
0.9681,0.6128,0.1966,0.4909,0.3234,0.4327
2.0057,1.591,1.7848,1.699,1.195,1.8981
1.1782,1.3243,2.0351,1.1105,1.81,1.1828
1.2275,1.7133,2.0903,1.3788,1.4996,1.3
0.66,0.5125,0.6289,0.9567,0.4,0.8207
1.779,1.118,1.5671,1.6596,1.3086,1.6221
0.5896,0.8344,0.943,0.4941,0.9577,0.5622
0.7812,1.0981,0.5425,0.9218,0.2851,0.7698
1.5558,2.0,1.303,1.8934,1.4502,1.62
0.5099,0.3976,0.1038,0.6585,0.4263,0.5874
0.656,0.7396,0.8588,0.8794,0.1302,0.7049
2.6929,2.2741,3.0076,2.8952,2.5558,2.3737
2.5578,2.6415,2.2144,3.0825,3.0894,2.705
1.7107,1.8129,1.7038,1.2318,1.8005,1.7065
2.8687,2.6084,2.6196,2.9259,3.0883,2.6472
2.3381,2.9279,2.8648,2.8516,2.6914,2.888
0.4686,0.772,0.9245,0.7496,0.2399,0.623
2.6089,2.9954,2.9029,2.4072,2.292,2.8531
1.7386,1.2577,1.7655,1.7393,2.0379,1.6178
2.6039,2.2987,2.8322,2.7496,2.6071,2.3642
1.3758,1.9225,1.8044,1.868,1.8494,1.4605
1.6703,1.5215,1.785,2.0456,1.884,1.6159
1.0801,0.6359,0.4679,0.7758,0.1746,0.6309
2.159,2.8555,2.3631,2.2758,2.4723,2.7149
0.2077,0.3521,0.8586,0.1321,0.4627,0.1736
1.4248,1.8613,1.1274,1.8877,1.6525,1.4874
1.9841,1.8075,1.4886,1.2741,1.9482,1.9241
0.5259,0.3243,0.6151,0.1775,0.5956,0.2365
1.2362,1.5494,2.0125,1.7044,1.5037,1.2742
1.5626,1.329,1.644,1.3343,1.9851,1.4912
0.1591,0.8085,0.1268,0.347,0.1577,0.2845
1.1932,1.7786,1.403,1.7021,1.5951,1.2856
2.3158,2.6593,2.1795,2.1326,3.0361,2.5293
1.3957,1.5642,2.0896,1.4475,1.9322,1.4047
3.0414,2.7488,2.6968,2.6537,2.7555,2.7051
1.326,1.8786,1.918,1.2768,1.7244,1.4119
2.0948,1.2027,1.5811,1.8533,1.1605,1.8917
2.1818,2.2085,2.7383,2.126,2.4009,2.1673
1.1237,1.343,1.6637,1.291,1.9191,1.1429
1.346,1.7077,1.2092,1.1717,1.7034,1.3937
0.8601,0.1492,0.4422,0.2605,0.2717,0.2381
1.0654,0.3324,0.5245,0.4872,0.2172,0.4085
0.3984,0.7513,0.5666,0.4529,0.6833,0.4743
3.0287,2.4626,2.973,2.6472,2.828,2.4749
1.4531,1.8836,2.0294,1.8073,1.5137,1.5145
1.1119,2.0342,1.9283,1.3755,1.6858,1.2717
0.9951,0.6336,0.3068,0.9739,0.1464,0.7837
2.3279,2.9321,2.2352,2.1051,2.7096,2.742
1.1871,2.0586,1.1892,1.9306,1.8724,1.3367
1.8961,1.9253,1.7309,1.629,1.6194,1.8773
2.0654,2.02,1.7045,1.5442,1.4518,2.0317
1.3852,1.8226,1.14,1.5579,1.1371,1.448
2.1662,2.1183,3.0718,2.1993,2.3712,2.1098
1.6294,1.9248,2.0397,1.1029,1.5542,1.6638
0.1149,0.1705,0.9696,0.2822,1.0974,0.4206
1.6182,1.562,1.5355,1.2828,1.6425,1.5823
1.3034,1.1372,1.1793,1.4979,1.5511,1.2455
1.9526,1.7407,1.7365,1.2141,1.4496,1.8856
0.5403,0.9928,1.0426,0.1881,0.5859,0.243
1.4734,1.75,1.7032,1.1435,1.2314,1.5041
0.5695,0.348,0.1523,0.6368,0.8193,0.6486
2.4956,2.1604,2.7171,2.8104,2.9547,2.2657
2.9766,2.4157,2.3398,3.0885,2.6037,2.5256
2.8509,2.7061,2.8083,2.3818,2.1376,2.6166
0.8322,1.0152,0.4064,0.3012,0.4603,0.3084
0.4411,0.5211,0.7583,0.1642,0.9015,0.287
2.144,2.4032,2.4145,2.2939,2.2449,2.3567
0.2089,0.7884,0.1417,0.1704,0.3241,0.1765
2.6371,2.775,2.7356,2.1982,3.089,2.635
2.4643,2.8369,2.6967,2.803,2.1977,2.8055
0.7219,0.6885,0.4156,0.1998,0.3255,0.2003
0.1981,1.0872,0.7062,0.7722,0.9634,0.7858
1.9784,1.7254,1.8462,1.431,1.9134,1.9031
1.5958,1.1929,1.4616,1.8073,1.5858,1.4906
0.2078,0.7491,0.8087,0.4136,0.3133,0.3689
1.9581,1.8832,1.7653,1.8921,1.4438,1.9185
1.7823,1.2894,1.9862,1.7989,1.113,1.6591
0.4824,0.6731,1.0801,0.8499,0.8862,0.8325
0.9363,0.9053,0.7625,0.5419,0.8104,0.5709
0.3691,0.6773,0.3963,0.5275,1.0277,0.6029
2.1753,2.1706,2.9329,2.1367,2.2493,2.1392
1.6833,1.3424,1.6284,1.6402,1.8408,1.5905
1.1631,1.163,1.1255,1.367,1.1421,1.1384
0.8391,1.0998,0.5896,0.2272,0.6214,0.2814
0.7507,0.4096,0.9553,0.2062,0.9124,0.3228
2.722,2.3172,2.5675,3.0214,2.768,2.4334
1.8132,1.322,1.84,1.5621,1.9953,1.6903
1.9821,2.0162,1.8589,1.5376,1.2305,1.9643
0.785,0.5281,0.8952,0.2192,0.3555,0.2218
3.0341,2.8905,3.0367,3.0661,2.8,2.901
2.4496,2.6208,2.4221,2.7501,2.3331,2.622
2.5535,2.995,2.392,2.1911,2.8666,2.8096
1.2574,1.8435,1.9452,1.5181,1.2588,1.35
1.4343,1.5108,1.253,1.134,1.1888,1.4249
1.5572,1.6881,1.2453,2.0859,1.1855,1.5587
2.5911,2.5753,2.8735,2.9171,2.509,2.619
1.7052,1.6104,1.6323,1.6714,1.5301,1.6616
3.0379,2.5272,2.2086,3.0749,2.25,2.6121
0.8081,0.5309,0.3151,0.2077,0.9238,0.3263
2.2529,2.1198,2.2612,3.0677,2.1012,2.2847
0.8342,0.4091,0.3166,0.6249,0.1852,0.5123
0.7711,0.7687,0.4986,0.4959,0.4399,0.46
1.1064,1.9292,1.9251,1.1262,1.3462,1.2463
1.5665,1.9775,1.6064,2.0748,1.8837,1.624
1.5293,1.824,1.2596,1.8438,1.4213,1.5636
1.4493,1.7877,2.047,1.1617,1.7597,1.4923
1.5403,1.1339,1.5161,1.8769,1.9693,1.4344
1.8024,1.1527,1.3679,1.9913,1.7014,1.6478
0.4172,0.587,0.8644,0.2919,0.5278,0.3144
2.7073,2.5864,2.3217,2.4782,2.8384,2.5401
1.6115,1.9654,1.3949,1.3866,1.9516,1.6576
2.0675,1.1613,1.4243,1.444,1.7475,1.8616
0.3901,0.8581,0.6063,0.6949,0.2127,0.5738
0.8122,0.5371,0.6617,0.8543,0.3737,0.7335
2.7522,2.8099,2.326,2.6719,2.4345,2.7576
1.2734,1.7377,1.35,1.1809,1.5792,1.3416
0.8166,0.2068,0.612,0.5062,0.6392,0.5081
1.3261,1.7593,1.5832,1.1058,1.5181,1.3881
2.3971,2.1207,2.7855,2.4213,2.5915,2.1562
2.6137,2.9566,2.1872,2.9545,2.2584,2.9315
1.7289,1.2158,1.5303,1.801,2.0235,1.6016
0.8437,0.214,0.8966,0.1533,0.2948,0.1569
1.4211,1.9104,1.4851,1.8068,1.983,1.4943
1.6621,1.7195,1.4865,2.0314,1.4941,1.6489
0.2589,0.549,0.7781,0.8516,0.9934,0.8553
0.2803,0.6441,0.1899,0.9323,0.1229,0.7458
1.2889,1.9822,1.3304,1.5614,1.6515,1.4029
0.6452,0.6486,0.6155,0.3887,0.7783,0.442
0.6039,0.5253,0.9668,0.9105,0.6948,0.8427
0.4236,0.5219,0.1389,0.8083,0.299,0.6818
1.2922,1.4145,1.99,1.209,1.1413,1.292
0.5396,0.145,0.4396,0.9903,0.1301,0.7936
1.2041,1.1303,1.3839,1.6935,1.8088,1.1647
2.8625,2.354,2.3035,2.8667,2.2909,2.4319
2.0813,1.456,1.615,1.4606,1.1461,1.9316
3.0281,2.4569,2.3229,2.9339,2.8378,2.5276
0.5618,0.3198,0.3539,0.973,0.1405,0.7818
1.5783,1.4366,1.3085,1.1588,1.8041,1.5253
1.837,1.735,1.3287,1.9125,2.0131,1.7919
2.3845,2.3506,2.3355,2.7737,2.7571,2.4106
1.1837,2.0444,1.624,1.8958,1.6588,1.3312
2.2297,2.251,3.0414,2.3139,2.1806,2.2389
1.904,1.7463,1.2783,1.5962,1.378,1.8478
1.1983,1.8954,1.2744,1.6657,1.7057,1.3131
2.4417,2.9612,2.6581,2.418,3.0014,2.8279
1.2184,2.0132,1.8522,2.0982,1.5355,1.3527
0.9135,0.6467,0.6766,0.4263,0.3434,0.3851
1.2465,1.3697,1.43,1.7399,1.2959,1.2465
1.9484,1.2255,1.8298,1.1152,1.9414,1.7792
2.8641,2.8547,2.4003,2.7445,2.5011,2.808
1.4364,1.1223,2.0514,1.691,1.5654,1.3489
1.4618,1.3056,1.3644,1.7137,2.0662,1.4059
0.9239,0.9557,0.8096,0.6931,0.5758,0.645
2.778,2.4742,2.4069,2.361,2.3476,2.4269
0.7262,1.0137,0.985,0.7154,0.6967,0.687
1.3524,1.7545,1.1693,1.7341,1.3758,1.4082
1.9963,1.6656,1.9665,1.6149,1.9959,1.9055
2.4507,2.6723,2.5213,2.9784,2.3908,2.7089
1.8124,2.0204,1.5775,1.6359,1.8936,1.8293
0.5271,0.3858,0.8807,0.905,0.6551,0.8304
0.9019,0.7721,0.385,0.9655,0.6294,0.8736
0.7329,0.7705,0.6417,1.0131,0.3339,0.8526
2.9975,2.1182,2.7765,2.6281,2.7845,2.1955
0.2277,0.9311,0.7051,0.5413,0.8187,0.5721
2.2348,2.9588,2.5091,2.7178,2.9994,2.8859
3.0691,2.6403,2.9069,2.5395,2.7031,2.5955
2.5359,2.6497,3.0517,2.2864,2.341,2.5524
2.0203,1.7888,1.9298,1.5639,1.7404,1.9493
2.5312,2.4352,2.2559,2.7696,2.7408,2.4774
0.3738,0.1702,1.0548,0.7315,1.0324,0.767
2.8263,2.4782,2.5724,2.5765,2.4759,2.4732
0.2505,1.0411,0.412,0.515,0.8137,0.5501
1.0355,0.544,0.3272,0.3316,0.4965,0.3399
0.9337,0.2846,0.4406,1.0778,0.3113,0.8998
1.7588,1.1859,1.3051,1.8937,1.8929,1.6196
1.5784,1.1048,1.4223,1.3804,1.8545,1.459
0.5058,0.2232,0.962,0.3265,0.2938,0.2953
0.5854,1.0778,0.177,0.824,0.2271,0.68
2.6947,2.7769,2.3041,2.763,2.7815,2.7495
0.7878,0.2426,0.4768,0.2261,0.1794,0.1921
2.6308,2.1923,2.9626,2.3632,2.8284,2.2018
1.9475,2.0061,1.8165,1.8773,1.2063,1.9346
2.1512,2.6495,2.5852,2.3667,2.8101,2.5683
1.7831,1.9853,1.7009,1.3258,1.1119,1.7989
2.2807,2.3406,2.4905,2.5748,2.5601,2.3628
2.3437,3.0776,2.1395,2.4193,2.6988,2.9213
2.6323,2.2995,2.801,2.2245,2.2433,2.2598
1.6408,1.6548,1.1053,1.5492,1.6986,1.6189
1.8259,1.5119,1.5447,1.2577,1.8377,1.7384
0.4455,0.9015,0.8892,0.472,0.1656,0.3861
1.8015,1.8925,1.9974,1.268,1.2358,1.795
2.6028,2.2222,2.2113,2.7004,2.9305,2.2932
1.3314,1.3349,1.4013,1.7902,1.7251,1.3074
1.6576,1.4428,1.9844,1.5119,1.8922,1.59
0.5027,0.976,0.612,0.3352,0.231,0.2897
1.795,1.1882,1.6189,1.6639,1.2667,1.649
2.1374,2.9437,2.8407,2.4854,3.0631,2.8274
1.886,1.6955,1.7796,1.2362,1.7303,1.8232
2.6449,2.296,2.6217,2.4127,2.6265,2.2947
1.7616,1.9943,1.3046,1.287,1.1774,1.7835
1.2929,1.2739,1.6776,1.806,1.8074,1.2644
1.8806,1.8326,1.4325,1.4744,1.9504,1.8463
2.0051,1.8154,2.0485,1.8082,1.1369,1.9425
2.4601,2.7859,2.6281,2.6937,2.1849,2.7428
1.6751,1.1815,1.4747,1.7161,1.4907,1.5517
2.3986,2.9696,2.1134,2.4618,2.1523,2.8434
2.5885,2.91,2.8189,2.4036,2.5247,2.7841
1.2252,1.1889,1.4716,1.3018,1.4893,1.1933
1.9158,1.2846,1.2562,1.8705,1.2903,1.7649
1.3291,1.3393,2.0078,1.5683,2.0617,1.3065
2.8278,2.3862,2.3629,2.2974,2.7642,2.3438
0.9679,0.7411,0.6029,0.944,0.5629,0.8431
2.5115,2.6122,2.9449,2.1021,2.1332,2.4855
1.4034,1.1853,1.9101,1.6953,1.5713,1.3351
2.997,2.3022,2.1355,2.8528,2.2844,2.3877
0.8679,0.7324,0.6712,0.5453,0.3577,0.4831
2.0781,1.1964,1.3711,1.8544,1.3347,1.8771
0.6054,0.841,0.3266,0.5657,0.7171,0.5713
1.0188,1.0904,0.8003,0.7705,0.536,0.6989
1.624,1.1042,1.2643,1.6895,1.7539,1.4954
2.2081,2.7363,2.4964,2.4081,2.6305,2.646
0.7529,1.0205,0.3796,0.799,0.1367,0.6419
2.5572,2.8701,3.0431,2.7147,2.5963,2.8144
2.5344,2.2311,2.9248,3.0163,2.843,2.3635
2.0909,1.5513,2.0544,2.0906,1.547,1.9583
1.064,1.0988,0.2794,1.0743,0.9222,1.0192
2.9213,2.7528,2.7441,2.268,2.268,2.6312
1.3395,1.2653,1.2193,1.8398,1.8803,1.3
1.4069,1.1171,1.8413,1.8139,1.8735,1.3243
1.0592,0.2316,0.1494,0.7821,0.1134,0.6237
0.6772,0.8331,0.4008,0.3797,0.2848,0.3361
2.9078,2.814,2.6116,2.3063,3.0423,2.6878
0.3004,0.3183,1.097,0.4574,0.5872,0.4587
0.6852,0.7119,0.6348,0.7595,0.916,0.7661
2.4978,2.1715,2.2188,2.8808,2.9485,2.2887
1.0694,0.9167,0.6699,0.7786,0.7812,0.7545
3.0211,2.2254,2.5521,3.0026,3.0144,2.3562
1.8891,1.6775,1.5002,1.2034,1.9381,1.8221
0.6291,0.523,0.2916,1.0088,0.6424,0.9109
2.8892,2.4255,2.7485,2.5117,2.3686,2.4181
2.4405,2.7056,2.9671,2.5549,2.5179,2.6508
0.7115,0.2791,0.3947,0.6742,0.2776,0.5702
0.8575,0.6503,0.7963,0.5063,0.6295,0.5063
1.0017,0.6802,0.5243,0.6515,0.6975,0.636
2.698,2.1138,2.2665,2.571,3.0943,2.1806
2.2937,2.3622,2.4733,3.0551,2.7398,2.4761
2.5781,2.9748,2.1748,2.148,2.2551,2.7848
0.5276,0.7,0.4115,0.5009,1.0422,0.5845
0.5638,0.4681,0.7406,0.9481,0.1694,0.7677
1.0099,0.5336,0.5322,0.861,0.3116,0.7265
0.6981,0.6303,0.4454,0.1484,0.5273,0.1995
1.1447,1.8544,1.8535,1.3351,1.6032,1.262
2.4748,2.5139,2.6056,2.3573,2.489,2.4579
1.9875,2.0328,1.4175,1.7666,1.2851,1.9719
1.9758,1.8323,1.2773,2.0939,1.9851,1.9224
2.0297,1.7628,1.579,1.1527,1.8581,1.9517
2.8355,2.3293,2.8392,2.3596,2.8564,2.3107
1.5267,1.8269,1.7313,1.4082,1.4604,1.5621
3.051,2.564,2.8207,3.0162,2.4895,2.6298
1.8473,1.3505,1.383,1.1653,1.5915,1.7233
0.9301,0.6263,0.3411,0.5708,0.1854,0.4691
3.0141,2.6077,2.1978,2.279,2.5577,2.5173
1.8869,1.3837,1.6317,1.2982,1.4022,1.7616
2.8509,2.3,2.121,2.1993,2.5908,2.2552
2.0123,2.0668,1.7256,1.6879,1.3315,1.9985
0.5737,0.118,0.2397,0.178,0.9913,0.316
2.1833,2.9633,3.0323,3.0013,2.5268,2.9462
1.4359,1.9715,1.7129,1.9864,1.8675,1.5184
1.2339,1.297,1.8901,1.6752,1.6655,1.2219
2.1983,2.2871,2.4362,2.3263,2.8897,2.2703
1.0935,0.9858,1.0561,0.3988,0.4065,0.3757
1.1727,1.8156,1.6231,2.0675,1.3947,1.2766
0.1574,0.9562,0.4575,0.7855,0.7042,0.7446
2.2126,2.8086,2.7811,2.3211,2.6673,2.6864
1.1163,1.9054,1.23,1.591,1.3377,1.2495
2.7784,2.3444,3.0471,2.9717,2.3558,2.4452
0.1077,0.3996,0.194,0.8725,0.1435,0.702
2.924,3.0629,2.4204,3.0912,2.931,3.0439
1.5738,1.858,1.3161,1.938,1.2809,1.606
0.214,0.5565,0.1274,1.0217,0.961,0.9849
1.9543,1.9452,1.9849,1.8534,1.5381,1.9278
1.8738,1.4169,1.8393,1.6603,1.6443,1.7578
1.0701,0.6412,0.4819,0.6564,0.6895,0.6384
0.9791,0.345,0.9989,0.3151,0.5304,0.3335
0.4383,0.5684,0.4513,0.9686,0.4143,0.8331
0.7257,1.0997,0.5121,0.9532,0.9611,0.9301
2.71,2.1159,2.8239,2.4671,2.7305,2.1615
3.0014,2.2883,2.1492,2.6976,2.9978,2.3455
1.0673,0.3052,0.219,0.6067,0.4034,0.5414
2.5256,2.5752,3.0461,2.7126,2.5648,2.578
1.4448,1.7996,1.274,1.6615,1.9809,1.4911
0.4936,1.0355,0.5049,0.4193,0.3644,0.3837
1.5348,1.4787,1.857,1.614,1.6778,1.4989
1.5333,1.1932,1.9057,1.4902,1.8896,1.4406
2.7933,2.5358,2.477,2.7397,2.8437,2.5519
2.7955,2.2158,2.7822,2.748,2.6683,2.2976
1.199,1.9051,2.0806,1.3399,1.9894,1.3156
1.9758,1.2171,1.6275,1.5284,1.7513,1.7994
1.0688,0.5865,0.8668,0.332,0.6319,0.3673
0.4426,0.3684,0.4336,0.1977,0.2599,0.1855
1.8733,1.9843,1.912,2.0091,1.9278,1.8708
1.4039,1.7434,1.4213,1.1652,1.9509,1.4471
2.0466,1.2401,1.4041,1.4296,2.0448,1.8606
1.6623,1.489,2.0549,1.9014,1.9621,1.603
0.9306,0.7216,0.754,0.3131,1.0827,0.4424
1.1357,1.6173,2.0574,1.9606,1.8799,1.2074
0.9295,0.8932,0.465,0.9549,0.2733,0.7939
1.5285,1.4236,1.2794,1.1152,1.7902,1.4829
2.4039,2.1486,2.5853,2.5973,3.0908,2.2137
1.8344,2.0868,1.3419,1.5235,1.4628,1.8602
2.9911,2.2021,2.9326,2.1408,2.8788,2.1652
1.6499,1.8172,2.0985,1.8423,1.5136,1.6587
